name	incident	classification	malicious_commit	source
algobox	aur-spam-2026-06	spam-rc-injection	8aa85da4e0c8c20cb41d9993a1bc4d7f368bd675	aur-git-mirror
alist-desktop-bin	aur-spam-2026-06	spam-rc-injection	10a5006f8a47a63a058f1c538037c0ff4b6c2912	aur-git-mirror
archforge-git	aur-spam-2026-06	spam-rc-injection	587570d752105be768bf5f613d9c95538f844083	aur-git-mirror
arm-linux-gnueabihf-gdb	aur-spam-2026-06	spam-rc-injection	41820a8689f4cedb530a48cfcbe357ef616ff528	aur-git-mirror
arpoison	aur-spam-2026-06	spam-rc-injection	da6a09ce8026b53c47c6235f133032d9c7462a0c	aur-git-mirror
asymptote-git	aur-spam-2026-06	spam-rc-injection	d7500919f437a101bc8d3a0f324539651be3e76e	aur-git-mirror
aurbs	aur-spam-2026-06	spam-rc-injection	8611fafef33fae862cd0b7dcc109cf09087dd436	aur-git-mirror
baloo-widgets-git	aur-spam-2026-06	spam-rc-injection	7c25b8280d0284031e0a1d1f5762bc65ac7f5de9	aur-git-mirror
blackfire-cli	aur-spam-2026-06	spam-rc-injection	bd632af6551d77fdcbd9cf1f69616915239d2e65	aur-git-mirror
bochs-sdl	aur-spam-2026-06	spam-rc-injection	fc0fcd16719b14c1815d67e5293b98fccb71ff19	aur-git-mirror
ccsm-git	aur-spam-2026-06	spam-rc-injection	971b9de60878145fbb4c7649e589b7f2eac93040	aur-git-mirror
chinadns	aur-spam-2026-06	spam-rc-injection	da15598fc55b7ac9a1585ced190fd2c90aa92c70	aur-git-mirror
cinnamon-applet-hardware-monitor	aur-spam-2026-06	spam-rc-injection	56fa38c424aece45ea07c9530400514b4d1366e3	aur-git-mirror
closure-hib	aur-spam-2026-06	spam-rc-injection	4392289f2ae89134775beb6c21da5cfe46f9303c	aur-git-mirror
cmaptools	aur-spam-2026-06	spam-rc-injection	0086fe94cf2cfc3f35fc3513029ba94822e0741a	aur-git-mirror
create_ap-git	aur-spam-2026-06	spam-rc-injection	8c13d85943b6f3b0d6c4323ea557f10b1b2232b1	aur-git-mirror
cryload-bin	aur-spam-2026-06	spam-rc-injection	908c6285f2946339ca4ee0c6724c002615672656	aur-git-mirror
cypher-shell	aur-spam-2026-06	spam-rc-injection	f4d5247c4798a8b3264f02be6cd6f9d956a35c38	aur-git-mirror
daggerfall-fixes	aur-spam-2026-06	spam-rc-injection	22a436005d64c434aac5fb186baf6abcebc7e981	aur-git-mirror
dbacl	aur-spam-2026-06	spam-rc-injection	533d88b229856b80faa568ee9cacd74369afa68e	aur-git-mirror
dmrgateway-git	aur-spam-2026-06	spam-rc-injection	736c768ad2776086b41cee059ddf15a338871966	aur-git-mirror
docan-bin	aur-spam-2026-06	spam-rc-injection	13419f27c306bd4f8b4da1d9fa939c10c54d1caa	aur-git-mirror
docan-unstable	aur-spam-2026-06	spam-rc-injection	df43bd109a5a947a43acfd7bf62d151ce90bfac2	aur-git-mirror
dustforce-hib	aur-spam-2026-06	spam-rc-injection	68f59244c7bdabe2dd1bb528230c05e0c93351fd	aur-git-mirror
dvbstreamer	aur-spam-2026-06	spam-rc-injection	cf14799d2ab87685cabea47840efc8714972d43e	aur-git-mirror
emacs-evil	aur-spam-2026-06	spam-rc-injection	9be50a51d32b6faace3f620eeae15e4d2d50fc21	aur-git-mirror
enyo-launcher	aur-spam-2026-06	spam-rc-injection	827bb174d9e3c8e36c1fe963d6bdb596419a9ff8	aur-git-mirror
equalx	aur-spam-2026-06	spam-rc-injection	ee21381356581d04e414feb3a9140a9ea8dd97f3	aur-git-mirror
esy	aur-spam-2026-06	spam-rc-injection	1338785c0505dfc66ac54dd3fc719844c1a40d29	aur-git-mirror
faudio-git	aur-spam-2026-06	spam-rc-injection	2b3c20688f3ea541c9725da5c98d09c1062d0527	aur-git-mirror
fdroidserver-git	aur-spam-2026-06	spam-rc-injection	17b80b8eaa142772ea85ac5893ec24c0f8150553	aur-git-mirror
feb-git	aur-spam-2026-06	spam-rc-injection	0cef12484f21c4f719a278093b7a32c918838405	aur-git-mirror
findwild	aur-spam-2026-06	spam-rc-injection	8c1b92746bb8d3b7c3085c5e0c35862811f0a6a2	aur-git-mirror
fql	aur-spam-2026-06	spam-rc-injection	e884573f6f344e9b755248e9ae75a8beeff52281	aur-git-mirror
fusioninventory-agent	aur-spam-2026-06	spam-rc-injection	797e70fd346aadba58232313ffa65d1216353e68	aur-git-mirror
gbdk	aur-spam-2026-06	spam-rc-injection	61aa13c9a173c83daee9d3e1a8b1c6d43d698c67	aur-git-mirror
gimp-plugin-beautify	aur-spam-2026-06	spam-rc-injection	d7e60421ac68ee82493481a8c601e534947b4abd	aur-git-mirror
gnome-pomodoro-git	aur-spam-2026-06	spam-rc-injection	211d1f91d04223745f500a09e8079bf984583926	aur-git-mirror
godot-fbx2gltf-bin	aur-spam-2026-06	spam-rc-injection	af3c801abb40a3623c556516a63f3d30ecc4fea3	aur-git-mirror
gtk2+extra	aur-spam-2026-06	spam-rc-injection	424199b8cc09ff19fc8043bf0e017d1219c66654	aur-git-mirror
hans	aur-spam-2026-06	spam-rc-injection	1e63c893cc0136c5b487203b2c9147b67b5b60b2	aur-git-mirror
hidapi-git	aur-spam-2026-06	spam-rc-injection	81c9d2bc66cd6f4d6e91874693fe2cd16dd91a92	aur-git-mirror
holyc-lang-git	aur-spam-2026-06	spam-rc-injection	189cbec8cb3e77d24bf261399aa04ce74e27c2dd	aur-git-mirror
hypatia	aur-spam-2026-06	spam-rc-injection	66ef986890144ad99cdff556ec7e8eec7cb20441	aur-git-mirror
infer	aur-spam-2026-06	spam-rc-injection	8e7256fd9aa199f363a4603600b0d9a848f20e76	aur-git-mirror
jaspersoftstudio	aur-spam-2026-06	spam-rc-injection	cf51ccb3bf146321fb1fc6213a5a7dd1cdbde901	aur-git-mirror
jfq	aur-spam-2026-06	spam-rc-injection	52872b816044476776e2746b22330e45f2d69638	aur-git-mirror
johnny-git	aur-spam-2026-06	spam-rc-injection	9dc9ee21fe5d217e64cb92de513b2c35cd47fc30	aur-git-mirror
keyring	aur-spam-2026-06	spam-rc-injection	7849cf246727e8ad8d702e460079810b25834deb	aur-git-mirror
kicadlibrarian	aur-spam-2026-06	spam-rc-injection	f81e94486452625aecb800573d58f0ba70fe2818	aur-git-mirror
libdmx	aur-spam-2026-06	spam-rc-injection	196ddbf552976c4c5a13753c5ef4d40d8fad2d0e	aur-git-mirror
liblinphone-git	aur-spam-2026-06	spam-rc-injection	49bd9674e072e350f6c48505b4ca255dca9dce26	aur-git-mirror
libparserutils-git	aur-spam-2026-06	spam-rc-injection	02b2293424cf2aa019bcbedf3ae7680500dceada	aur-git-mirror
libreoffice-extension-apso	aur-spam-2026-06	spam-rc-injection	6e7508022949fc988cfc5810530bc0cfb02ed834	aur-git-mirror
libvterm-vwm	aur-spam-2026-06	spam-rc-injection	ab4ca72f8f4353f57616635d744e8674c8b827bb	aur-git-mirror
lightly-qt	aur-spam-2026-06	spam-rc-injection	57573d35a2e2d3e7fa502ac4557f967e40eb6434	aur-git-mirror
linux-libre-lts	aur-spam-2026-06	spam-rc-injection	46f46958b0ada8d22fd0ed29fb7c669895d66527	aur-git-mirror
llama.cpp-sycl-f16-git	aur-spam-2026-06	spam-rc-injection	591515daecdb97fbaa81c58697af99b4915b54b5	aur-git-mirror
mail-deduplicate	aur-spam-2026-06	spam-rc-injection	4ae32ba5891e6d88a1e6e98c5b99ed799873b337	aur-git-mirror
mpdas	aur-spam-2026-06	spam-rc-injection	a6e6a09851dc53ac12ae8d351ef660aa66bc9730	aur-git-mirror
nemo-preview	aur-spam-2026-06	spam-rc-injection	4ad3279f44523b18195e9a3fa6a435ce2ab87bb9	aur-git-mirror
nerdctl-full	aur-spam-2026-06	spam-rc-injection	f65cad9b48abbf43f11e10e76f2d0516293ebe57	aur-git-mirror
netdata-git	aur-spam-2026-06	spam-rc-injection	635264b16efa4e0ace54ce962d4e357958f1c52d	aur-git-mirror
nikto-git	aur-spam-2026-06	spam-rc-injection	cd310e296a55cb23cc32c5eff76cf37279df9bab	aur-git-mirror
nodejs-serverless	aur-spam-2026-06	spam-rc-injection	b68afcc2d81fea45652acc4b7b8e0e0761e8070b	aur-git-mirror
nodejs-uglifycss	aur-spam-2026-06	spam-rc-injection	296dd40bb56a112f342628cbea82245560bbe615	aur-git-mirror
nullfs-dkms-git	aur-spam-2026-06	spam-rc-injection	a93ff369e862fed72d192faa883eceb6fcf7b073	aur-git-mirror
obd-auto-doctor	aur-spam-2026-06	spam-rc-injection	4b1ec6e0a6d7319d6f6567e04c485bae020931a6	aur-git-mirror
ocaml-batteries	aur-spam-2026-06	spam-rc-injection	5ad09e83f854c2ab84a4c0773e8769f3269e25ab	aur-git-mirror
ocaml-react	aur-spam-2026-06	spam-rc-injection	7de59d3850db877ebfdf5aa0efddfdab0ae57d6c	aur-git-mirror
onivim2-git	aur-spam-2026-06	spam-rc-injection	3289b5922a9035d3c37fc434c6a802a747b1face	aur-git-mirror
onvifviewer	aur-spam-2026-06	spam-rc-injection	87002c03fea5f2f24e2e464e48e950444d63c9fd	aur-git-mirror
openspades	aur-spam-2026-06	spam-rc-injection	efbf69ac253a0658488933f5b6d5d2c8ed543441	aur-git-mirror
opentorrent-bin	aur-spam-2026-06	spam-rc-injection	6458091cdd2ae853f2e04a06ab2f062392671459	aur-git-mirror
opentorrent-unstable	aur-spam-2026-06	spam-rc-injection	4862d2d23aed049ca5c71c87163d5fce8080e65b	aur-git-mirror
pcb	aur-spam-2026-06	spam-rc-injection	dc9e870b4b0a14d59220e83640e2ca4a3c80eb97	aur-git-mirror
pcmanx-gtk2-git	aur-spam-2026-06	spam-rc-injection	a079fee1b40689ab51d7c416083046a9239b9181	aur-git-mirror
peksystray	aur-spam-2026-06	spam-rc-injection	27957049f705187c07e044f260a945a7fa38fb8d	aur-git-mirror
perl-gtk2-spell	aur-spam-2026-06	spam-rc-injection	0d901783912a901d8b462fc649b3dd87a676da9d	aur-git-mirror
perl-xml-filter-domfilter-libxml	aur-spam-2026-06	spam-rc-injection	68f247b70e8e00d3ded481ba02e0adfa77cb9549	aur-git-mirror
pfqueue	aur-spam-2026-06	spam-rc-injection	0362056ca1add0a7999795cfbd613459e2e439eb	aur-git-mirror
pg_vectorize	aur-spam-2026-06	spam-rc-injection	f2c0b5c635fd9417af2b961f44188b7d0de31bb7	aur-git-mirror
pgdbf	aur-spam-2026-06	spam-rc-injection	b613098237442e9f508f934c7b6a2a9ab8fdca3b	aur-git-mirror
plasma-theme-helium	aur-spam-2026-06	spam-rc-injection	0329442fc93cd7003b3b67a74e314f49e565e66c	aur-git-mirror
plataro-icons	aur-spam-2026-06	spam-rc-injection	b46d886067c1d2567ff74078a2f0f047f489c200	aur-git-mirror
pngrim-git	aur-spam-2026-06	spam-rc-injection	2ead1e4c9935a35510f03823665c24bd714bba6d	aur-git-mirror
proteus-hib	aur-spam-2026-06	spam-rc-injection	681263232d2e7adace8f1eae8e0babc86b00fd1b	aur-git-mirror
psi-plus-l10n-git	aur-spam-2026-06	spam-rc-injection	95008f49d552fe82894f7fa03ca5d054419aad40	aur-git-mirror
psychopy	aur-spam-2026-06	spam-rc-injection	971e4a6630eec902e3fced48de4b05671b5f24be	aur-git-mirror
purple-gowhatsapp	aur-spam-2026-06	spam-rc-injection	c9f6a2b7ed6136116e1774f3ebeb5e9edeb5cc37	aur-git-mirror
python-cmake-bin	aur-spam-2026-06	spam-rc-injection	9662394afaff9b3f550639d11706424342529859	aur-git-mirror
python-graphsrv	aur-spam-2026-06	spam-rc-injection	4fd68c07d7290dd5a5cf6e3a65baf211d5d3a8b2	aur-git-mirror
python-imagebackup	aur-spam-2026-06	spam-rc-injection	afe89a4b1471b8811febc71d438f8e0aa6c4bdf3	aur-git-mirror
python-jalali-core	aur-spam-2026-06	spam-rc-injection	8d8e6af3f79a4b6934e36f4155afb9d873ed49a5	aur-git-mirror
python-json2html	aur-spam-2026-06	spam-rc-injection	cdd9ab9b8eff21d66090a452824b2ffc74849df5	aur-git-mirror
python-korean_lunar_calendar	aur-spam-2026-06	spam-rc-injection	735610e5bb9ec78664df58b1a24baaaf42df627c	aur-git-mirror
python-llama-cpp-hip	aur-spam-2026-06	spam-rc-injection	6da122e5a89bf91932c9322875ae8ee6c5afb40a	aur-git-mirror
python-monkeytype	aur-spam-2026-06	spam-rc-injection	376f9b7fc31fc3681fef283390300bb0b736b4f2	aur-git-mirror
python-pytest-filedata	aur-spam-2026-06	spam-rc-injection	e39c7b8454eb60029c3cdb068d8fd5e227f61e08	aur-git-mirror
python-tmpl	aur-spam-2026-06	spam-rc-injection	3201e05510585e367337ec59df8091d9fa8a16fc	aur-git-mirror
quazip-qt4	aur-spam-2026-06	spam-rc-injection	14e3a3c6b47f70f8faa1bf95876ecbc4a279465d	aur-git-mirror
rakudo-star	aur-spam-2026-06	spam-rc-injection	1b64ab196ffdefd1528d568ff4d360464e6c4f38	aur-git-mirror
rankmirrors-systemd	aur-spam-2026-06	spam-rc-injection	fdfd9444735ab195d3782eb21c6af6d8e59eef96	aur-git-mirror
redocly	aur-spam-2026-06	spam-rc-injection	558af9c88c0fa24249ecfac93b46e0872eef98c9	aur-git-mirror
repose-git	aur-spam-2026-06	spam-rc-injection	7b5b81362d6a77cd5097f23ef3dadb337ad166d0	aur-git-mirror
rigsofrods-bin	aur-spam-2026-06	spam-rc-injection	a343f2b3d9977d745f3decd6c26de058d1456aa0	aur-git-mirror
rochard-hib	aur-spam-2026-06	spam-rc-injection	ce6bf169302d2b2815c3cbcdb46a4d0f71aa364d	aur-git-mirror
ruby-open_uri_redirections	aur-spam-2026-06	spam-rc-injection	5517c3805c2e3f86182a8da1e6030c78d35324e2	aur-git-mirror
ruby-snapsync	aur-spam-2026-06	spam-rc-injection	a64576bc4ea0417c155366fa251363cdd979be0d	aur-git-mirror
samsung-ssd-dc-toolkit	aur-spam-2026-06	spam-rc-injection	620b87194948eb73b4dfc1eca4792cb978324b74	aur-git-mirror
scd	aur-spam-2026-06	spam-rc-injection	95c12b034e44d4006e12c142d397910fb07e450c	aur-git-mirror
shadowgrounds-survivor	aur-spam-2026-06	spam-rc-injection	e1ef533c4099ba082fe8db255eb04eec4f2eb3f1	aur-git-mirror
shatter-hib	aur-spam-2026-06	spam-rc-injection	e8c25c1fe8d45aa2974da5db42e0c9fd97d75177	aur-git-mirror
shortwave-git	aur-spam-2026-06	spam-rc-injection	a38213f24064c3a383d707194d79c88cdac00dd7	aur-git-mirror
sia-daemon	aur-spam-2026-06	spam-rc-injection	e2033099a8007ca6924fa92e003d5c46aa60bb4f	aur-git-mirror
softmaker-office-2012-bin	aur-spam-2026-06	spam-rc-injection	4d8c2947dd9f5eca6cab958f801f1139b744862a	aur-git-mirror
spacebar-client-git	aur-spam-2026-06	spam-rc-injection	d618cddda6cb631b1a7e4f55cb71fcff2573adf4	aur-git-mirror
spacebar-git	aur-spam-2026-06	spam-rc-injection	0338ed5b80a3c7bcb4219367ccf53d12231aff78	aur-git-mirror
spaz-hib	aur-spam-2026-06	spam-rc-injection	fbd422c132d5ef455272b80beadda2282c4228b2	aur-git-mirror
swig2	aur-spam-2026-06	spam-rc-injection	762b015497fdd47bc12eea3cadfe48b6dc086c62	aur-git-mirror
synergy-1.6	aur-spam-2026-06	spam-rc-injection	a9dc6277a5db05a905d6f63571387d8e8064b181	aur-git-mirror
systemtap-git	aur-spam-2026-06	spam-rc-injection	cad6f8a5ea57f876213749f593f0862d6a556f14	aur-git-mirror
tapeutape	aur-spam-2026-06	spam-rc-injection	2ee35c72ae5cb3b3892724aacb81fd6510d66575	aur-git-mirror
thomaswasalone-hib	aur-spam-2026-06	spam-rc-injection	8953a9dfd3605ec344dcf19007cc6238869a8403	aur-git-mirror
tmpmail-git	aur-spam-2026-06	spam-rc-injection	6b2f0188bfd1f9eabf9e85bd3c0b5409e89b4398	aur-git-mirror
ttf-dotsies	aur-spam-2026-06	spam-rc-injection	b9c7721f2af8eb76316b50493d2d1985fdecce98	aur-git-mirror
tuwunel-git	aur-spam-2026-06	spam-rc-injection	0d6f8059b791da6cff34d8f0bbc2c074ab137cc9	aur-git-mirror
udefrag	aur-spam-2026-06	spam-rc-injection	b5884104b7a8fda5e38078af50522c43a1a638b7	aur-git-mirror
ultimatevocalremovergui-git	aur-spam-2026-06	spam-rc-injection	9bad391130b3d2b66e56edeb02e29ab07b98acec	aur-git-mirror
unsf-git	aur-spam-2026-06	spam-rc-injection	6d2cb90d5060973f5a6ce5f29faa1c8ba9e358fd	aur-git-mirror
vaping	aur-spam-2026-06	spam-rc-injection	d5956eb541b14fd8f2b5307673aa76c11e25aeab	aur-git-mirror
vim-julia-git	aur-spam-2026-06	spam-rc-injection	35341e133bdfb0e6870d1466ad5884fdefce050b	aur-git-mirror
vim-phpcomplete	aur-spam-2026-06	spam-rc-injection	a39d2fa2c46a72e0725e0292ca1dbd17656d592f	aur-git-mirror
vim-railscasts	aur-spam-2026-06	spam-rc-injection	1b1131db1a5233cd84c8ea39d1793b99dba5b5a0	aur-git-mirror
vim-voom	aur-spam-2026-06	spam-rc-injection	7798d5269098264359d456b354961bc2bc4e5439	aur-git-mirror
vmware-vcli	aur-spam-2026-06	spam-rc-injection	6eae2e26c8fad0d469d81285ad4de53694ea32f8	aur-git-mirror
voxatron-hib	aur-spam-2026-06	spam-rc-injection	fe6eb19b2e1c8af5d386e375e02aeed3b47eea42	aur-git-mirror
vwm	aur-spam-2026-06	spam-rc-injection	add9dacfa1e81589034ecf9af2a0d1c5e624f4f4	aur-git-mirror
weeplugins-git	aur-spam-2026-06	spam-rc-injection	c425f29b62d051067f25496363283879f9bf75a4	aur-git-mirror
windows2usb	aur-spam-2026-06	spam-rc-injection	96d914815d2468a9f08f19a8b1f42ca44afc5785	aur-git-mirror
xbrightness	aur-spam-2026-06	spam-rc-injection	df3c767c1331cec4bbeb411b6d65bbadc5a0b350	aur-git-mirror
xpra-git	aur-spam-2026-06	spam-rc-injection	ed7323cba488fbc9d3407022815aa042ceb2c074	aur-git-mirror
ynab4	aur-spam-2026-06	spam-rc-injection	40e5107019aba4d8a86db6f6bfe97131c3ac1bac	aur-git-mirror
zenta-git	aur-spam-2026-06	spam-rc-injection	82813d04647aa1d09b2d0eadafab24e30dfaa8e9	aur-git-mirror
